library_name,run_name,fastq1,fastq2,organism,SNP_roi,SNP_chrom,SNP_pos,del_GT,alignment,counts_table,alignment_markdups,metrics_markdups,alignment_markdups_index,flagstats_tsv
MN-LZ-1S-cmp24S-1-1a,1-1a_S10,data/raw/MN-LZ-1S-cmp24S-1-1a_S10_R1_001.fastq.gz,data/raw/MN-LZ-1S-cmp24S-1-1a_S10_R2_001.fastq.gz,HUMAN,rs4955430,chr3,49340655,2,data/align/1-1a_S10/1-1a_S10.Aligned.sortedByCoord.out.bam,data/align/1-1a_S10/1-1a_S10.ReadsPerGene.out.tab,data/align/1-1a_S10/1-1a_S10.Aligned.sortedByCoord.MarkDups.bam,data/align/1-1a_S10/1-1a_S10.MarkDups.metrics.txt,data/align/1-1a_S10/1-1a_S10.Aligned.sortedByCoord.MarkDups.bam.bai,data/align/1-1a_S10/1-1a_S10.samtools_flagstats.txt
MN-LZ-1S-cmp24S-1-1b,1-1b_S11,data/raw/MN-LZ-1S-cmp24S-1-1b_S11_R1_001.fastq.gz,data/raw/MN-LZ-1S-cmp24S-1-1b_S11_R2_001.fastq.gz,HUMAN,rs4955430,chr3,49340655,2,data/align/1-1b_S11/1-1b_S11.Aligned.sortedByCoord.out.bam,data/align/1-1b_S11/1-1b_S11.ReadsPerGene.out.tab,data/align/1-1b_S11/1-1b_S11.Aligned.sortedByCoord.MarkDups.bam,data/align/1-1b_S11/1-1b_S11.MarkDups.metrics.txt,data/align/1-1b_S11/1-1b_S11.Aligned.sortedByCoord.MarkDups.bam.bai,data/align/1-1b_S11/1-1b_S11.samtools_flagstats.txt
MN-LZ-1S-cmp24S-1-1c,1-1c_S12,data/raw/MN-LZ-1S-cmp24S-1-1c_S12_R1_001.fastq.gz,data/raw/MN-LZ-1S-cmp24S-1-1c_S12_R2_001.fastq.gz,HUMAN,rs4955430,chr3,49340655,2,data/align/1-1c_S12/1-1c_S12.Aligned.sortedByCoord.out.bam,data/align/1-1c_S12/1-1c_S12.ReadsPerGene.out.tab,data/align/1-1c_S12/1-1c_S12.Aligned.sortedByCoord.MarkDups.bam,data/align/1-1c_S12/1-1c_S12.MarkDups.metrics.txt,data/align/1-1c_S12/1-1c_S12.Aligned.sortedByCoord.MarkDups.bam.bai,data/align/1-1c_S12/1-1c_S12.samtools_flagstats.txt
MN-LZ-1S-cmp24S-1-4a,1-4a_S13,data/raw/MN-LZ-1S-cmp24S-1-4a_S13_R1_001.fastq.gz,data/raw/MN-LZ-1S-cmp24S-1-4a_S13_R2_001.fastq.gz,HUMAN,rs4955430,chr3,49340655,1,data/align/1-4a_S13/1-4a_S13.Aligned.sortedByCoord.out.bam,data/align/1-4a_S13/1-4a_S13.ReadsPerGene.out.tab,data/align/1-4a_S13/1-4a_S13.Aligned.sortedByCoord.MarkDups.bam,data/align/1-4a_S13/1-4a_S13.MarkDups.metrics.txt,data/align/1-4a_S13/1-4a_S13.Aligned.sortedByCoord.MarkDups.bam.bai,data/align/1-4a_S13/1-4a_S13.samtools_flagstats.txt
MN-LZ-1S-cmp24S-1-4b,1-4b_S14,data/raw/MN-LZ-1S-cmp24S-1-4b_S14_R1_001.fastq.gz,data/raw/MN-LZ-1S-cmp24S-1-4b_S14_R2_001.fastq.gz,HUMAN,rs4955430,chr3,49340655,1,data/align/1-4b_S14/1-4b_S14.Aligned.sortedByCoord.out.bam,data/align/1-4b_S14/1-4b_S14.ReadsPerGene.out.tab,data/align/1-4b_S14/1-4b_S14.Aligned.sortedByCoord.MarkDups.bam,data/align/1-4b_S14/1-4b_S14.MarkDups.metrics.txt,data/align/1-4b_S14/1-4b_S14.Aligned.sortedByCoord.MarkDups.bam.bai,data/align/1-4b_S14/1-4b_S14.samtools_flagstats.txt
MN-LZ-1S-cmp24S-1-4c,1-4c_S15,data/raw/MN-LZ-1S-cmp24S-1-4c_S15_R1_001.fastq.gz,data/raw/MN-LZ-1S-cmp24S-1-4c_S15_R2_001.fastq.gz,HUMAN,rs4955430,chr3,49340655,1,data/align/1-4c_S15/1-4c_S15.Aligned.sortedByCoord.out.bam,data/align/1-4c_S15/1-4c_S15.ReadsPerGene.out.tab,data/align/1-4c_S15/1-4c_S15.Aligned.sortedByCoord.MarkDups.bam,data/align/1-4c_S15/1-4c_S15.MarkDups.metrics.txt,data/align/1-4c_S15/1-4c_S15.Aligned.sortedByCoord.MarkDups.bam.bai,data/align/1-4c_S15/1-4c_S15.samtools_flagstats.txt
MN-LZ-1S-cmp24S-1-5a,1-5a_S16,data/raw/MN-LZ-1S-cmp24S-1-5a_S16_R1_001.fastq.gz,data/raw/MN-LZ-1S-cmp24S-1-5a_S16_R2_001.fastq.gz,HUMAN,rs4955430,chr3,49340655,0,data/align/1-5a_S16/1-5a_S16.Aligned.sortedByCoord.out.bam,data/align/1-5a_S16/1-5a_S16.ReadsPerGene.out.tab,data/align/1-5a_S16/1-5a_S16.Aligned.sortedByCoord.MarkDups.bam,data/align/1-5a_S16/1-5a_S16.MarkDups.metrics.txt,data/align/1-5a_S16/1-5a_S16.Aligned.sortedByCoord.MarkDups.bam.bai,data/align/1-5a_S16/1-5a_S16.samtools_flagstats.txt
MN-LZ-1S-cmp24S-1-5b,1-5b_S17,data/raw/MN-LZ-1S-cmp24S-1-5b_S17_R1_001.fastq.gz,data/raw/MN-LZ-1S-cmp24S-1-5b_S17_R2_001.fastq.gz,HUMAN,rs4955430,chr3,49340655,0,data/align/1-5b_S17/1-5b_S17.Aligned.sortedByCoord.out.bam,data/align/1-5b_S17/1-5b_S17.ReadsPerGene.out.tab,data/align/1-5b_S17/1-5b_S17.Aligned.sortedByCoord.MarkDups.bam,data/align/1-5b_S17/1-5b_S17.MarkDups.metrics.txt,data/align/1-5b_S17/1-5b_S17.Aligned.sortedByCoord.MarkDups.bam.bai,data/align/1-5b_S17/1-5b_S17.samtools_flagstats.txt
MN-LZ-1S-cmp24S-1-5c,1-5c_S18,data/raw/MN-LZ-1S-cmp24S-1-5c_S18_R1_001.fastq.gz,data/raw/MN-LZ-1S-cmp24S-1-5c_S18_R2_001.fastq.gz,HUMAN,rs4955430,chr3,49340655,0,data/align/1-5c_S18/1-5c_S18.Aligned.sortedByCoord.out.bam,data/align/1-5c_S18/1-5c_S18.ReadsPerGene.out.tab,data/align/1-5c_S18/1-5c_S18.Aligned.sortedByCoord.MarkDups.bam,data/align/1-5c_S18/1-5c_S18.MarkDups.metrics.txt,data/align/1-5c_S18/1-5c_S18.Aligned.sortedByCoord.MarkDups.bam.bai,data/align/1-5c_S18/1-5c_S18.samtools_flagstats.txt
MN-LZ-1S-cmp24S-3-1a,3-1a_S1,data/raw/MN-LZ-1S-cmp24S-3-1a_S1_R1_001.fastq.gz,data/raw/MN-LZ-1S-cmp24S-3-1a_S1_R2_001.fastq.gz,HUMAN,rs6446275,chr3,49429438,0,data/align/3-1a_S1/3-1a_S1.Aligned.sortedByCoord.out.bam,data/align/3-1a_S1/3-1a_S1.ReadsPerGene.out.tab,data/align/3-1a_S1/3-1a_S1.Aligned.sortedByCoord.MarkDups.bam,data/align/3-1a_S1/3-1a_S1.MarkDups.metrics.txt,data/align/3-1a_S1/3-1a_S1.Aligned.sortedByCoord.MarkDups.bam.bai,data/align/3-1a_S1/3-1a_S1.samtools_flagstats.txt
MN-LZ-1S-cmp24S-3-1b,3-1b_S2,data/raw/MN-LZ-1S-cmp24S-3-1b_S2_R1_001.fastq.gz,data/raw/MN-LZ-1S-cmp24S-3-1b_S2_R2_001.fastq.gz,HUMAN,rs6446275,chr3,49429438,0,data/align/3-1b_S2/3-1b_S2.Aligned.sortedByCoord.out.bam,data/align/3-1b_S2/3-1b_S2.ReadsPerGene.out.tab,data/align/3-1b_S2/3-1b_S2.Aligned.sortedByCoord.MarkDups.bam,data/align/3-1b_S2/3-1b_S2.MarkDups.metrics.txt,data/align/3-1b_S2/3-1b_S2.Aligned.sortedByCoord.MarkDups.bam.bai,data/align/3-1b_S2/3-1b_S2.samtools_flagstats.txt
MN-LZ-1S-cmp24S-3-1c,3-1c_S3,data/raw/MN-LZ-1S-cmp24S-3-1c_S3_R1_001.fastq.gz,data/raw/MN-LZ-1S-cmp24S-3-1c_S3_R2_001.fastq.gz,HUMAN,rs6446275,chr3,49429438,0,data/align/3-1c_S3/3-1c_S3.Aligned.sortedByCoord.out.bam,data/align/3-1c_S3/3-1c_S3.ReadsPerGene.out.tab,data/align/3-1c_S3/3-1c_S3.Aligned.sortedByCoord.MarkDups.bam,data/align/3-1c_S3/3-1c_S3.MarkDups.metrics.txt,data/align/3-1c_S3/3-1c_S3.Aligned.sortedByCoord.MarkDups.bam.bai,data/align/3-1c_S3/3-1c_S3.samtools_flagstats.txt
MN-LZ-1S-cmp24S-3-3a,3-3a_S4,data/raw/MN-LZ-1S-cmp24S-3-3a_S4_R1_001.fastq.gz,data/raw/MN-LZ-1S-cmp24S-3-3a_S4_R2_001.fastq.gz,HUMAN,rs6446275,chr3,49429438,2,data/align/3-3a_S4/3-3a_S4.Aligned.sortedByCoord.out.bam,data/align/3-3a_S4/3-3a_S4.ReadsPerGene.out.tab,data/align/3-3a_S4/3-3a_S4.Aligned.sortedByCoord.MarkDups.bam,data/align/3-3a_S4/3-3a_S4.MarkDups.metrics.txt,data/align/3-3a_S4/3-3a_S4.Aligned.sortedByCoord.MarkDups.bam.bai,data/align/3-3a_S4/3-3a_S4.samtools_flagstats.txt
MN-LZ-1S-cmp24S-3-3b,3-3b_S5,data/raw/MN-LZ-1S-cmp24S-3-3b_S5_R1_001.fastq.gz,data/raw/MN-LZ-1S-cmp24S-3-3b_S5_R2_001.fastq.gz,HUMAN,rs6446275,chr3,49429438,2,data/align/3-3b_S5/3-3b_S5.Aligned.sortedByCoord.out.bam,data/align/3-3b_S5/3-3b_S5.ReadsPerGene.out.tab,data/align/3-3b_S5/3-3b_S5.Aligned.sortedByCoord.MarkDups.bam,data/align/3-3b_S5/3-3b_S5.MarkDups.metrics.txt,data/align/3-3b_S5/3-3b_S5.Aligned.sortedByCoord.MarkDups.bam.bai,data/align/3-3b_S5/3-3b_S5.samtools_flagstats.txt
MN-LZ-1S-cmp24S-3-3c,3-3c_S6,data/raw/MN-LZ-1S-cmp24S-3-3c_S6_R1_001.fastq.gz,data/raw/MN-LZ-1S-cmp24S-3-3c_S6_R2_001.fastq.gz,HUMAN,rs6446275,chr3,49429438,2,data/align/3-3c_S6/3-3c_S6.Aligned.sortedByCoord.out.bam,data/align/3-3c_S6/3-3c_S6.ReadsPerGene.out.tab,data/align/3-3c_S6/3-3c_S6.Aligned.sortedByCoord.MarkDups.bam,data/align/3-3c_S6/3-3c_S6.MarkDups.metrics.txt,data/align/3-3c_S6/3-3c_S6.Aligned.sortedByCoord.MarkDups.bam.bai,data/align/3-3c_S6/3-3c_S6.samtools_flagstats.txt
MN-LZ-1S-cmp24S-3-4a,3-4a_S7,data/raw/MN-LZ-1S-cmp24S-3-4a_S7_R1_001.fastq.gz,data/raw/MN-LZ-1S-cmp24S-3-4a_S7_R2_001.fastq.gz,HUMAN,rs6446275,chr3,49429438,1,data/align/3-4a_S7/3-4a_S7.Aligned.sortedByCoord.out.bam,data/align/3-4a_S7/3-4a_S7.ReadsPerGene.out.tab,data/align/3-4a_S7/3-4a_S7.Aligned.sortedByCoord.MarkDups.bam,data/align/3-4a_S7/3-4a_S7.MarkDups.metrics.txt,data/align/3-4a_S7/3-4a_S7.Aligned.sortedByCoord.MarkDups.bam.bai,data/align/3-4a_S7/3-4a_S7.samtools_flagstats.txt
MN-LZ-1S-cmp24S-3-4b,3-4b_S8,data/raw/MN-LZ-1S-cmp24S-3-4b_S8_R1_001.fastq.gz,data/raw/MN-LZ-1S-cmp24S-3-4b_S8_R2_001.fastq.gz,HUMAN,rs6446275,chr3,49429438,1,data/align/3-4b_S8/3-4b_S8.Aligned.sortedByCoord.out.bam,data/align/3-4b_S8/3-4b_S8.ReadsPerGene.out.tab,data/align/3-4b_S8/3-4b_S8.Aligned.sortedByCoord.MarkDups.bam,data/align/3-4b_S8/3-4b_S8.MarkDups.metrics.txt,data/align/3-4b_S8/3-4b_S8.Aligned.sortedByCoord.MarkDups.bam.bai,data/align/3-4b_S8/3-4b_S8.samtools_flagstats.txt
MN-LZ-1S-cmp24S-3-4c,3-4c_S9,data/raw/MN-LZ-1S-cmp24S-3-4c_S9_R1_001.fastq.gz,data/raw/MN-LZ-1S-cmp24S-3-4c_S9_R2_001.fastq.gz,HUMAN,rs6446275,chr3,49429438,1,data/align/3-4c_S9/3-4c_S9.Aligned.sortedByCoord.out.bam,data/align/3-4c_S9/3-4c_S9.ReadsPerGene.out.tab,data/align/3-4c_S9/3-4c_S9.Aligned.sortedByCoord.MarkDups.bam,data/align/3-4c_S9/3-4c_S9.MarkDups.metrics.txt,data/align/3-4c_S9/3-4c_S9.Aligned.sortedByCoord.MarkDups.bam.bai,data/align/3-4c_S9/3-4c_S9.samtools_flagstats.txt
MN-LZ-1S-cmp24S-15-1a,15-1a_S19,data/raw/MN-LZ-1S-cmp24S-15-1a_S19_R1_001.fastq.gz,data/raw/MN-LZ-1S-cmp24S-15-1a_S19_R2_001.fastq.gz,HUMAN,rs10947532,chr6,34812538,0,data/align/15-1a_S19/15-1a_S19.Aligned.sortedByCoord.out.bam,data/align/15-1a_S19/15-1a_S19.ReadsPerGene.out.tab,data/align/15-1a_S19/15-1a_S19.Aligned.sortedByCoord.MarkDups.bam,data/align/15-1a_S19/15-1a_S19.MarkDups.metrics.txt,data/align/15-1a_S19/15-1a_S19.Aligned.sortedByCoord.MarkDups.bam.bai,data/align/15-1a_S19/15-1a_S19.samtools_flagstats.txt
MN-LZ-1S-cmp24S-15-1b,15-1b_S20,data/raw/MN-LZ-1S-cmp24S-15-1b_S20_R1_001.fastq.gz,data/raw/MN-LZ-1S-cmp24S-15-1b_S20_R2_001.fastq.gz,HUMAN,rs10947532,chr6,34812538,0,data/align/15-1b_S20/15-1b_S20.Aligned.sortedByCoord.out.bam,data/align/15-1b_S20/15-1b_S20.ReadsPerGene.out.tab,data/align/15-1b_S20/15-1b_S20.Aligned.sortedByCoord.MarkDups.bam,data/align/15-1b_S20/15-1b_S20.MarkDups.metrics.txt,data/align/15-1b_S20/15-1b_S20.Aligned.sortedByCoord.MarkDups.bam.bai,data/align/15-1b_S20/15-1b_S20.samtools_flagstats.txt
MN-LZ-1S-cmp24S-15-1c,15-1c_S21,data/raw/MN-LZ-1S-cmp24S-15-1c_S21_R1_001.fastq.gz,data/raw/MN-LZ-1S-cmp24S-15-1c_S21_R2_001.fastq.gz,HUMAN,rs10947532,chr6,34812538,0,data/align/15-1c_S21/15-1c_S21.Aligned.sortedByCoord.out.bam,data/align/15-1c_S21/15-1c_S21.ReadsPerGene.out.tab,data/align/15-1c_S21/15-1c_S21.Aligned.sortedByCoord.MarkDups.bam,data/align/15-1c_S21/15-1c_S21.MarkDups.metrics.txt,data/align/15-1c_S21/15-1c_S21.Aligned.sortedByCoord.MarkDups.bam.bai,data/align/15-1c_S21/15-1c_S21.samtools_flagstats.txt
MN-LZ-1S-cmp24S-15-2a,15-2a_S22,data/raw/MN-LZ-1S-cmp24S-15-2a_S22_R1_001.fastq.gz,data/raw/MN-LZ-1S-cmp24S-15-2a_S22_R2_001.fastq.gz,HUMAN,rs10947532,chr6,34812538,1,data/align/15-2a_S22/15-2a_S22.Aligned.sortedByCoord.out.bam,data/align/15-2a_S22/15-2a_S22.ReadsPerGene.out.tab,data/align/15-2a_S22/15-2a_S22.Aligned.sortedByCoord.MarkDups.bam,data/align/15-2a_S22/15-2a_S22.MarkDups.metrics.txt,data/align/15-2a_S22/15-2a_S22.Aligned.sortedByCoord.MarkDups.bam.bai,data/align/15-2a_S22/15-2a_S22.samtools_flagstats.txt
MN-LZ-1S-cmp24S-15-2b,15-2b_S23,data/raw/MN-LZ-1S-cmp24S-15-2b_S23_R1_001.fastq.gz,data/raw/MN-LZ-1S-cmp24S-15-2b_S23_R2_001.fastq.gz,HUMAN,rs10947532,chr6,34812538,1,data/align/15-2b_S23/15-2b_S23.Aligned.sortedByCoord.out.bam,data/align/15-2b_S23/15-2b_S23.ReadsPerGene.out.tab,data/align/15-2b_S23/15-2b_S23.Aligned.sortedByCoord.MarkDups.bam,data/align/15-2b_S23/15-2b_S23.MarkDups.metrics.txt,data/align/15-2b_S23/15-2b_S23.Aligned.sortedByCoord.MarkDups.bam.bai,data/align/15-2b_S23/15-2b_S23.samtools_flagstats.txt
MN-LZ-1S-cmp24S-15-2c,15-2c_S24,data/raw/MN-LZ-1S-cmp24S-15-2c_S24_R1_001.fastq.gz,data/raw/MN-LZ-1S-cmp24S-15-2c_S24_R2_001.fastq.gz,HUMAN,rs10947532,chr6,34812538,1,data/align/15-2c_S24/15-2c_S24.Aligned.sortedByCoord.out.bam,data/align/15-2c_S24/15-2c_S24.ReadsPerGene.out.tab,data/align/15-2c_S24/15-2c_S24.Aligned.sortedByCoord.MarkDups.bam,data/align/15-2c_S24/15-2c_S24.MarkDups.metrics.txt,data/align/15-2c_S24/15-2c_S24.Aligned.sortedByCoord.MarkDups.bam.bai,data/align/15-2c_S24/15-2c_S24.samtools_flagstats.txt
